Tier,Creator / Channel,Main Platform,Secondary Platform,Est. Followers (Main),Content Focus,Espresso Fit?,URL / Handle,Notes,Outreach Status,Contact / Email
Tier 1,James Hoffmann,YouTube,Instagram / Patreon,~2.2M,"Espresso science, brewing, gear reviews",⭐⭐⭐ Perfect,@james_hoffmann / youtube.com/@jameshoffmann,The gold standard. Highly analytical audience — ideal fit for an AI coaching app.,Not contacted,
Tier 1,Lance Hedrick,YouTube,Instagram / Patreon,~700k,"Home espresso, dialing in, equipment",⭐⭐⭐ Perfect,@lancehedrick / youtube.com/@LanceHedrick,Espresso-first channel. Audience obsesses over extraction — direct product match.,Not contacted,
Tier 1,Sprometheus,YouTube,Instagram,~300k,"Home espresso, grinder reviews, dialling in",⭐⭐⭐ Perfect,@sprometheus / youtube.com/@Sprometheus,Extremely technical espresso focus. Audience will immediately understand the app.,Not contacted,
Tier 1,Whole Latte Love,YouTube,Instagram,~600k,"Equipment reviews, tutorials, buying guides",⭐⭐ Strong,youtube.com/@WholeLatteLove,Commercial channel with large beginner-to-intermediate audience.,Not contacted,
Tier 1,European Coffee Trip,YouTube,Instagram,~500k,"Specialty cafe culture, origin travel, roasters",⭐ Moderate,@europeancoffeetrip / youtube.com/@EuropeanCoffeeTrip,More cafe/origin focus than home brewing; still reaches passionate enthusiasts.,Not contacted,
Tier 1,Ethan Chlebowski,YouTube,Instagram,~1.4M,Food science & coffee (~25% coffee content),⭐⭐ Strong,@ethanchlebowski / youtube.com/@EthanChlebowski,Large analytical food+coffee crossover audience. Not coffee-exclusive.,Not contacted,
Tier 2,Coffee with April,YouTube,Instagram,~70k,"WBC competitor, extraction education",⭐⭐⭐ Perfect,@coffeewithapril / youtube.com/@CoffeeWithApril,"World Brewers Cup champion. Highly technical, trusted voice.",Not contacted,
Tier 2,Scott Rao,Instagram,Newsletter,~130k,"Coffee professional education, espresso research",⭐⭐⭐ Perfect,@scottrao / scottrao.com,High authority in espresso science. Audience skews professional/prosumer.,Not contacted,
Tier 2,Matt Perger / Barista Hustle,Instagram,Web / Newsletter,~120k,"Barista training, extraction science",⭐⭐⭐ Perfect,@mattperger / baristahustle.com,Professional-grade content. Could be a channel partnership deal.,Not contacted,
Tier 2,Priceless Coffee,YouTube,Instagram,~200k,"Home espresso, extraction theory, comparisons",⭐⭐⭐ Perfect,youtube.com/@PricelessCoffee,Deep extraction content. Niche but passionate audience.,Not contacted,
Tier 2,Tim Wendelboe,Instagram,YouTube,~80k,"Pro barista, espresso, origin",⭐⭐⭐ Perfect,@timwendelboe,"World Champion Barista. High authority, smaller but elite audience.",Not contacted,
Tier 2,Morgan Drinks Coffee,YouTube,Instagram,~150k,"Coffee tasting, flavor notes, specialty",⭐⭐ Strong,@morgandrinkscoffee,Flavor-forward content aligns well with tasting-based coaching.,Not contacted,
Tier 2,Onyx Coffee Lab,Instagram,YouTube,~200k,"Specialty roaster, brewing education",⭐⭐ Strong,@onyxcoffeelab,Brand account producing high-quality educational content. Potential partnership.,Not contacted,
Tier 2,Mitch Hides / Artisti Coffee,YouTube,Instagram,~250k,"Latte art, home barista, espresso",⭐⭐ Strong,youtube.com/@ArtistiCoffeeRoasters,Australian audience. Latte art focus but covers espresso dialling in.,Not contacted,
Tier 2,Seattle Coffee Gear,YouTube,Instagram,~400k,"Equipment reviews, tutorials",⭐⭐ Strong,youtube.com/@SeattleCoffeeGear,Now part of Whole Latte Love group. Large beginner audience.,Not contacted,
Tier 2,Tom's Kitchen (coffee),YouTube,Instagram,~180k,"Home brewing, coffee recipes, gear",⭐⭐ Strong,youtube.com/@TomsCoffeeCorner,Approachable style — good for reaching non-technical but passionate home brewers.,Not contacted,
Tier 2,Wogan Coffee,YouTube,Instagram,~80k,"UK specialty, roasting, brewing",⭐⭐ Strong,@wogancoffee,UK market — worth targeting for European growth.,Not contacted,
Tier 2,The Coffee Chronicler,YouTube,Instagram,~90k,"Origin, processing, specialty education",⭐ Moderate,@coffeechronicler / youtube.com/@TheCoffeeChronicler,Origin-focused. Less espresso-specific but high-quality audience.,Not contacted,
Tier 2,Koffee Kult,Instagram,YouTube,~100k,"Specialty roasting, community",⭐ Moderate,@koffeekult,Roaster brand. Audience overlap moderate.,Not contacted,
Tier 3,Jonathan Gagne (Science of Coffee),Newsletter / Twitter,Instagram,~18k,"Coffee science, extraction research",⭐⭐⭐ Perfect,@coffeeadscience / coffeeadastra.com,Small but extremely influential in the espresso science community.,Not contacted,
Tier 3,r/espresso (Reddit),Reddit,,~350k members,Home espresso community,⭐⭐⭐ Perfect,reddit.com/r/espresso,Largest dedicated espresso community online. Mod partnership could be very effective.,Not contacted,
Tier 3,Home Barista Forum,Web / Reddit,YouTube,~30k YT,Home espresso community,⭐⭐⭐ Perfect,homebarista.com,Community rather than creator. Moderator partnership could be very effective.,Not contacted,
Tier 3,Ken Selby Coffee,YouTube,Instagram,~25k,"Espresso recipes, gear",⭐⭐ Strong,youtube.com/@KenSelbyCoffee,Growing channel with engaged espresso audience.,Not contacted,
Tier 3,The Wired Gourmet,YouTube,,~20k,"Home espresso reviews, budget gear",⭐⭐ Strong,youtube.com/@TheWiredGourmet,Budget-conscious espresso audience — strong fit for accessibility messaging.,Not contacted,
Tier 3,Dritan Alsela,Instagram,YouTube,~45k,"Latte art, barista competitions",⭐⭐ Strong,@dritanalsela,European barista. Latte art focus but espresso-adjacent.,Not contacted,
Tier 3,Proud Mary Coffee,Instagram,YouTube,~40k,"Specialty roaster, Melbourne-based",⭐⭐ Strong,@proudmarycoffee,Strong brand following. Australian/US presence.,Not contacted,
Tier 3,Carles Coffee,YouTube,Instagram,~15k,Spanish-language specialty coffee,⭐⭐ Strong,youtube.com/@CarlesCoffee,Spanish-language niche — strong if targeting Latin American or Spanish markets.,Not contacted,
Tier 3,Caffeine & Kilos,Instagram,,~40k,Coffee + fitness crossover,⭐ Moderate,@caffeineandkilos,Unique crossover niche. Less espresso-specific.,Not contacted,
Tier 3,Cometeer Coffee,Instagram,TikTok,~35k,Specialty coffee brand,⭐ Moderate,@cometeercoffee,Brand account. Audience crossover possible.,Not contacted,
